"Component","Imports","Files","Status"
"accordion","0","0","UNUSED"
"alert-dialog","0","0","UNUSED"
"alert","0","0","UNUSED"
"avatar","0","0","UNUSED"
"badge","4","4","ACTIVE"
"breadcrumb","0","0","UNUSED"
"button","8","8","ACTIVE"
"calendar","0","0","UNUSED"
"card","5","5","ACTIVE"
"checkbox","1","1","LOW"
"command","0","0","UNUSED"
"context-menu","0","0","UNUSED"
"dialog","0","0","UNUSED"
"dropdown-menu","1","1","LOW"
"field","1","1","LOW"
"form-label","1","1","LOW"
"form","1","1","LOW"
"hover-card","0","0","UNUSED"
"input","4","4","ACTIVE"
"label","2","2","LOW"
"navigation-menu","0","0","UNUSED"
"pagination","0","0","UNUSED"
"popover","0","0","UNUSED"
"progress-indicator","0","0","UNUSED"
"progress","0","0","UNUSED"
"radio-group","0","0","UNUSED"
"scroll-area","0","0","UNUSED"
"select","0","0","UNUSED"
"separator","0","0","UNUSED"
"sheet","0","0","UNUSED"
"skeleton","0","0","UNUSED"
"slider","0","0","UNUSED"
"sonner","0","0","UNUSED"
"switch","0","0","UNUSED"
"table","0","0","UNUSED"
"tabs","0","0","UNUSED"
"textarea","0","0","UNUSED"
"toaster","1","1","LOW"
"tooltip","0","0","UNUSED"
